{
  "action_saturation_rate_mean": 0.041833333333333333,
  "action_saturation_rate_std": 0.028970291296046332,
  "episode_reward_mean": 351.17520236793973,
  "episode_reward_std": 73.33621838411572,
  "episodes": 5,
  "final_tracking_error_m_mean": 0.007938634490966798,
  "final_tracking_error_m_std": 0.0032372576994479456,
  "max_tracking_error_m_mean": 0.036083160591125485,
  "max_tracking_error_m_std": 0.021561024246659947,
  "mean_action_norm_mean": 0.8305567296172182,
  "mean_action_norm_std": 0.05728635913751591,
  "mean_tracking_error_m_mean": 0.007883739986697832,
  "mean_tracking_error_m_std": 0.0014841373026727679,
  "rms_tracking_error_m_mean": 0.009829151089336663,
  "rms_tracking_error_m_std": 0.0028111051389953317,
  "step_label": "step_35400",
  "success_rate_mean": 0.9606666666666666,
  "success_rate_std": 0.04291593850514954
}