{
  "action_saturation_rate_mean": 0.0,
  "action_saturation_rate_std": 0.0,
  "episode_reward_mean": -2542.1510287861656,
  "episode_reward_std": 0.0,
  "episodes": 5,
  "final_tracking_error_m_mean": 0.2698897094726562,
  "final_tracking_error_m_std": 0.0,
  "max_tracking_error_m_mean": 0.38883416748046873,
  "max_tracking_error_m_std": 0.0,
  "mean_action_norm_mean": 0.05137899172678591,
  "mean_action_norm_std": 6.938893903907228e-18,
  "mean_tracking_error_m_mean": 0.3235204558517933,
  "mean_tracking_error_m_std": 0.0,
  "rms_tracking_error_m_mean": 0.3289171447697392,
  "rms_tracking_error_m_std": 0.0,
  "step_label": "step_6000",
  "success_rate_mean": 0.0026666666666666666,
  "success_rate_std": 0.0
}