{
  "action_saturation_rate_mean": 0.0,
  "action_saturation_rate_std": 0.0,
  "episode_reward_mean": -124.43551726796744,
  "episode_reward_std": 92.49673590369835,
  "episodes": 2,
  "final_tracking_error_m_mean": 0.04815520000457763,
  "final_tracking_error_m_std": 0.029553761482238764,
  "max_tracking_error_m_mean": 0.052472053527832026,
  "max_tracking_error_m_std": 0.025236907958984374,
  "mean_action_norm_mean": 0.33656772691756487,
  "mean_action_norm_std": 0.005996743999421572,
  "mean_tracking_error_m_mean": 0.023414671059995888,
  "mean_tracking_error_m_std": 0.00887511545911431,
  "rms_tracking_error_m_mean": 0.027297944659692888,
  "rms_tracking_error_m_std": 0.011637041186078332,
  "step_label": "final",
  "success_rate_mean": 0.635,
  "success_rate_std": 0.21
}