{
  "action_saturation_rate_mean": 0.0,
  "action_saturation_rate_std": 0.0,
  "episode_reward_mean": -11.549102906902666,
  "episode_reward_std": 10.021122513140407,
  "episodes": 2,
  "final_tracking_error_m_mean": 0.01751527690887451,
  "final_tracking_error_m_std": 0.004617251396179199,
  "max_tracking_error_m_mean": 0.021200268745422364,
  "max_tracking_error_m_std": 0.001739636421203613,
  "mean_action_norm_mean": 0.0014352879670332186,
  "mean_action_norm_std": 0.00020691332261776549,
  "mean_tracking_error_m_mean": 0.013738081364408135,
  "mean_tracking_error_m_std": 0.000708532648012042,
  "rms_tracking_error_m_mean": 0.014698701915563328,
  "rms_tracking_error_m_std": 0.0006738447538895522,
  "step_label": "step_0",
  "success_rate_mean": 0.9275,
  "success_rate_std": 0.07250000000000001
}