{
  "action_saturation_rate_mean": 0.04566666666666667,
  "action_saturation_rate_std": 0.0,
  "episode_reward_mean": -471.44803937990537,
  "episode_reward_std": 0.0,
  "episodes": 5,
  "final_tracking_error_m_mean": 0.13031198120117188,
  "final_tracking_error_m_std": 0.0,
  "max_tracking_error_m_mean": 0.20022418212890622,
  "max_tracking_error_m_std": 2.7755575615628914e-17,
  "mean_action_norm_mean": 0.7683997562428315,
  "mean_action_norm_std": 0.0,
  "mean_tracking_error_m_mean": 0.09172308764521282,
  "mean_tracking_error_m_std": 0.0,
  "rms_tracking_error_m_mean": 0.09822774009223213,
  "rms_tracking_error_m_std": 0.0,
  "step_label": "step_30000",
  "success_rate_mean": 0.0,
  "success_rate_std": 0.0
}