{
  "action_saturation_rate_mean": 0.0021666666666666666,
  "action_saturation_rate_std": 0.0,
  "episode_reward_mean": -248.08391955729547,
  "episode_reward_std": 0.0,
  "episodes": 5,
  "final_tracking_error_m_mean": 0.009193344116210938,
  "final_tracking_error_m_std": 0.0,
  "max_tracking_error_m_mean": 0.1992824401855469,
  "max_tracking_error_m_std": 0.0,
  "mean_action_norm_mean": 0.5428472435176372,
  "mean_action_norm_std": 0.0,
  "mean_tracking_error_m_mean": 0.05858881085562706,
  "mean_tracking_error_m_std": 0.0,
  "rms_tracking_error_m_mean": 0.06750486012795885,
  "rms_tracking_error_m_std": 0.0,
  "step_label": "step_15000",
  "success_rate_mean": 0.13533333333333333,
  "success_rate_std": 0.0
}