{
  "action_saturation_rate_mean": 0.0023333333333333335,
  "action_saturation_rate_std": 0.0,
  "episode_reward_mean": 75.9543931843161,
  "episode_reward_std": 0.0,
  "episodes": 5,
  "final_tracking_error_m_mean": 0.0033208062648773192,
  "final_tracking_error_m_std": 0.0,
  "max_tracking_error_m_mean": 0.28068634033203127,
  "max_tracking_error_m_std": 0.0,
  "mean_action_norm_mean": 0.47529158081610995,
  "mean_action_norm_std": 0.0,
  "mean_tracking_error_m_mean": 0.006855393484989802,
  "mean_tracking_error_m_std": 0.0,
  "rms_tracking_error_m_mean": 0.018044295280892044,
  "rms_tracking_error_m_std": 0.0,
  "step_label": "step_45000",
  "success_rate_mean": 0.9896666666666667,
  "success_rate_std": 0.0
}