{
  "action_saturation_rate_mean": 0.07100000000000001,
  "action_saturation_rate_std": 0.05564620382380096,
  "episode_reward_mean": 57.89589522066268,
  "episode_reward_std": 250.1340569163127,
  "episodes": 5,
  "final_tracking_error_m_mean": 0.00586068615913391,
  "final_tracking_error_m_std": 0.002985370208314978,
  "max_tracking_error_m_mean": 0.0655201934814453,
  "max_tracking_error_m_std": 0.028527213685263522,
  "mean_action_norm_mean": 0.7603830087836831,
  "mean_action_norm_std": 0.07446273576349977,
  "mean_tracking_error_m_mean": 0.01477136098319789,
  "mean_tracking_error_m_std": 0.005619430437488468,
  "rms_tracking_error_m_mean": 0.020523505574309535,
  "rms_tracking_error_m_std": 0.009608346454374453,
  "step_label": "step_10200",
  "success_rate_mean": 0.8216666666666667,
  "success_rate_std": 0.11755849607748477
}