{
  "action_saturation_rate_mean": 0.0,
  "action_saturation_rate_std": 0.0,
  "episode_reward_mean": -470.9435389921721,
  "episode_reward_std": 276.13954834414517,
  "episodes": 2,
  "final_tracking_error_m_mean": 0.0737503776550293,
  "final_tracking_error_m_std": 0.04099763107299805,
  "max_tracking_error_m_mean": 0.0954959144592285,
  "max_tracking_error_m_std": 0.037321727752685545,
  "mean_action_norm_mean": 0.4751857841387391,
  "mean_action_norm_std": 0.13217263605445623,
  "mean_tracking_error_m_mean": 0.058202088392078875,
  "mean_tracking_error_m_std": 0.02929787773281336,
  "rms_tracking_error_m_mean": 0.06542974631048873,
  "rms_tracking_error_m_std": 0.03129678035649673,
  "step_label": "step_1200",
  "success_rate_mean": 0.2475,
  "success_rate_std": 0.1525
}