{
  "action_saturation_rate_mean": 0.025666666666666664,
  "action_saturation_rate_std": 0.017759191673296645,
  "episode_reward_mean": 165.90741786045663,
  "episode_reward_std": 115.53831215928159,
  "episodes": 5,
  "final_tracking_error_m_mean": 0.021501214981079105,
  "final_tracking_error_m_std": 0.015774658227463722,
  "max_tracking_error_m_mean": 0.03727978897094727,
  "max_tracking_error_m_std": 0.015812138296143783,
  "mean_action_norm_mean": 0.7781187109847865,
  "mean_action_norm_std": 0.0748547215816877,
  "mean_tracking_error_m_mean": 0.012260393022760748,
  "mean_tracking_error_m_std": 0.0028446442168587114,
  "rms_tracking_error_m_mean": 0.015156105768558772,
  "rms_tracking_error_m_std": 0.004911411191007389,
  "step_label": "step_20400",
  "success_rate_mean": 0.8763333333333334,
  "success_rate_std": 0.08086614454351918
}