{
  "action_saturation_rate_mean": 0.0,
  "action_saturation_rate_std": 0.0,
  "episode_reward_mean": -506.9376305761567,
  "episode_reward_std": 0.0,
  "episodes": 5,
  "final_tracking_error_m_mean": 0.13031198120117188,
  "final_tracking_error_m_std": 0.0,
  "max_tracking_error_m_mean": 0.20022418212890622,
  "max_tracking_error_m_std": 2.7755575615628914e-17,
  "mean_action_norm_mean": 0.7403814274873585,
  "mean_action_norm_std": 0.0,
  "mean_tracking_error_m_mean": 0.09696677105840047,
  "mean_tracking_error_m_std": 0.0,
  "rms_tracking_error_m_mean": 0.10238367988475358,
  "rms_tracking_error_m_std": 1.3877787807814457e-17,
  "step_label": "step_21000",
  "success_rate_mean": 0.0,
  "success_rate_std": 0.0
}