{
  "action_saturation_rate_mean": 0.0375,
  "action_saturation_rate_std": 0.035714920629276996,
  "episode_reward_mean": 96.62971771209848,
  "episode_reward_std": 84.99722253557954,
  "episodes": 5,
  "final_tracking_error_m_mean": 0.01187406816482544,
  "final_tracking_error_m_std": 0.0044556011099838476,
  "max_tracking_error_m_mean": 0.03632821311950684,
  "max_tracking_error_m_std": 0.006866096264124532,
  "mean_action_norm_mean": 0.7793633203593393,
  "mean_action_norm_std": 0.08983207756779457,
  "mean_tracking_error_m_mean": 0.013056747639199099,
  "mean_tracking_error_m_std": 0.0012651870880958952,
  "rms_tracking_error_m_mean": 0.01532161109912851,
  "rms_tracking_error_m_std": 0.0019096939420476151,
  "step_label": "step_10200",
  "success_rate_mean": 0.82,
  "success_rate_std": 0.06850790708621404
}