{
  "action_saturation_rate_mean": 0.033166666666666664,
  "action_saturation_rate_std": 0.038820813432430226,
  "episode_reward_mean": -1.048940574399944,
  "episode_reward_std": 69.56901594392274,
  "episodes": 5,
  "final_tracking_error_m_mean": 0.013351809310913084,
  "final_tracking_error_m_std": 0.006583676788798047,
  "max_tracking_error_m_mean": 0.031045883178710938,
  "max_tracking_error_m_std": 0.004348671338483343,
  "mean_action_norm_mean": 0.6938969333084921,
  "mean_action_norm_std": 0.08947326885525643,
  "mean_tracking_error_m_mean": 0.014315112932384013,
  "mean_tracking_error_m_std": 0.0009453727338657024,
  "rms_tracking_error_m_mean": 0.016167604035699105,
  "rms_tracking_error_m_std": 0.0013393458284133486,
  "step_label": "final",
  "success_rate_mean": 0.758,
  "success_rate_std": 0.06664499647802197
}