{
  "action_saturation_rate_mean": 0.014499999999999999,
  "action_saturation_rate_std": 0.015207819626027188,
  "episode_reward_mean": 328.83174855087685,
  "episode_reward_std": 82.29884426756247,
  "episodes": 5,
  "final_tracking_error_m_mean": 0.009111598587036134,
  "final_tracking_error_m_std": 0.004476032452321225,
  "max_tracking_error_m_mean": 0.02930848922729492,
  "max_tracking_error_m_std": 0.011894223349331816,
  "mean_action_norm_mean": 0.7751143291244904,
  "mean_action_norm_std": 0.05434065952545237,
  "mean_tracking_error_m_mean": 0.008250089262182514,
  "mean_tracking_error_m_std": 0.0017904797752743746,
  "rms_tracking_error_m_mean": 0.009880702795203889,
  "rms_tracking_error_m_std": 0.0026433969704354287,
  "step_label": "step_25200",
  "success_rate_mean": 0.9650000000000001,
  "success_rate_std": 0.04735210895221271
}