{
  "action_saturation_rate_mean": 0.011833333333333335,
  "action_saturation_rate_std": 0.008273115763993906,
  "episode_reward_mean": 216.22900236264613,
  "episode_reward_std": 82.66792974266161,
  "episodes": 5,
  "final_tracking_error_m_mean": 0.014252202129364015,
  "final_tracking_error_m_std": 0.007297674329496892,
  "max_tracking_error_m_mean": 0.024695439147949215,
  "max_tracking_error_m_std": 0.004886918233788324,
  "mean_action_norm_mean": 0.6562351611782796,
  "mean_action_norm_std": 0.045971999396679106,
  "mean_tracking_error_m_mean": 0.010483240059807896,
  "mean_tracking_error_m_std": 0.0015226912702057973,
  "rms_tracking_error_m_mean": 0.011781698858357247,
  "rms_tracking_error_m_std": 0.001677158457537858,
  "step_label": "step_10200",
  "success_rate_mean": 0.9460000000000001,
  "success_rate_std": 0.04583303030202856
}