{
  "action_saturation_rate_mean": 0.0,
  "action_saturation_rate_std": 0.0,
  "episode_reward_mean": -937.6113492474245,
  "episode_reward_std": 1.1368683772161603e-13,
  "episodes": 3,
  "final_tracking_error_m_mean": 0.18470739746093753,
  "final_tracking_error_m_std": 2.7755575615628914e-17,
  "max_tracking_error_m_mean": 0.2812181091308594,
  "max_tracking_error_m_std": 0.0,
  "mean_action_norm_mean": 0.00026435554472360913,
  "mean_action_norm_std": 0.0,
  "mean_tracking_error_m_mean": 0.15419097936503093,
  "mean_tracking_error_m_std": 0.0,
  "rms_tracking_error_m_mean": 0.15995750410276965,
  "rms_tracking_error_m_std": 0.0,
  "step_label": "step_0",
  "success_rate_mean": 0.0,
  "success_rate_std": 0.0
}