{
  "action_saturation_rate_mean": 0.002333333333333333,
  "action_saturation_rate_std": 0.002857738033247041,
  "episode_reward_mean": 216.11604771740866,
  "episode_reward_std": 187.24551452002137,
  "episodes": 5,
  "final_tracking_error_m_mean": 0.008754837417602539,
  "final_tracking_error_m_std": 0.006587153065538144,
  "max_tracking_error_m_mean": 0.03550349502563477,
  "max_tracking_error_m_std": 0.008905489201620183,
  "mean_action_norm_mean": 0.7743827424210807,
  "mean_action_norm_std": 0.012682418463695283,
  "mean_tracking_error_m_mean": 0.010547227888633808,
  "mean_tracking_error_m_std": 0.0033657330813798314,
  "rms_tracking_error_m_mean": 0.01234593495807297,
  "rms_tracking_error_m_std": 0.00402694521718345,
  "step_label": "step_15000",
  "success_rate_mean": 0.9116666666666667,
  "success_rate_std": 0.07801709214439273
}