{
  "action_saturation_rate_mean": 0.020833333333333332,
  "action_saturation_rate_std": 0.0,
  "episode_reward_mean": -142.2563461898241,
  "episode_reward_std": 0.0,
  "episodes": 5,
  "final_tracking_error_m_mean": 0.01877216720581055,
  "final_tracking_error_m_std": 0.0,
  "max_tracking_error_m_mean": 0.1992824401855469,
  "max_tracking_error_m_std": 0.0,
  "mean_action_norm_mean": 0.5935125886381915,
  "mean_action_norm_std": 0.0,
  "mean_tracking_error_m_mean": 0.04184148010786374,
  "mean_tracking_error_m_std": 0.0,
  "rms_tracking_error_m_mean": 0.055128508152960345,
  "rms_tracking_error_m_std": 6.938893903907228e-18,
  "step_label": "step_36000",
  "success_rate_mean": 0.4640000000000001,
  "success_rate_std": 5.551115123125783e-17
}