{
  "action_saturation_rate_mean": 0.0,
  "action_saturation_rate_std": 0.0,
  "episode_reward_mean": -60693.76379275654,
  "episode_reward_std": 8227.629485582136,
  "episodes": 2,
  "final_tracking_error_m_mean": 0.1600109100341797,
  "final_tracking_error_m_std": 0.030143341064453127,
  "max_tracking_error_m_mean": 0.44940522766113283,
  "max_tracking_error_m_std": 0.07640904235839846,
  "mean_action_norm_mean": 0.5166707498580216,
  "mean_action_norm_std": 0.01251623831689358,
  "mean_tracking_error_m_mean": 0.2000769183343649,
  "mean_tracking_error_m_std": 0.027224020993113524,
  "rms_tracking_error_m_mean": 0.21783327085222937,
  "rms_tracking_error_m_std": 0.028974931745648108,
  "step_label": "untrained",
  "success_rate_mean": 0.0125,
  "success_rate_std": 0.0024999999999999996
}