{
  "action_saturation_rate_mean": 1.0,
  "action_saturation_rate_std": 0.0,
  "episode_reward_mean": -58641.8912278555,
  "episode_reward_std": 8309.00710463526,
  "episodes": 2,
  "final_tracking_error_m_mean": 0.1600109100341797,
  "final_tracking_error_m_std": 0.030143341064453127,
  "max_tracking_error_m_mean": 0.35351651000976564,
  "max_tracking_error_m_std": 0.0016817932128906365,
  "mean_action_norm_mean": 1.4142135381698608,
  "mean_action_norm_std": 0.0,
  "mean_tracking_error_m_mean": 0.19302937971115114,
  "mean_tracking_error_m_std": 0.02749573474168776,
  "rms_tracking_error_m_mean": 0.20690346186082187,
  "rms_tracking_error_m_std": 0.02275424433628641,
  "step_label": "untrained",
  "success_rate_mean": 0.0175,
  "success_rate_std": 0.0025000000000000005
}