{
  "action_saturation_rate_mean": 0.0,
  "action_saturation_rate_std": 0.0,
  "episode_reward_mean": -392.84849460781726,
  "episode_reward_std": 79.86515425530418,
  "episodes": 3,
  "final_tracking_error_m_mean": 0.02005853843688965,
  "final_tracking_error_m_std": 0.0003920297628236967,
  "max_tracking_error_m_mean": 0.03655378278096517,
  "max_tracking_error_m_std": 0.00518754411650721,
  "mean_action_norm_mean": 0.0008008686016748672,
  "mean_action_norm_std": 6.480084720760475e-05,
  "mean_tracking_error_m_mean": 0.021234404801991253,
  "mean_tracking_error_m_std": 0.0021642987342315096,
  "rms_tracking_error_m_mean": 0.0230157947806708,
  "rms_tracking_error_m_std": 0.0024788147201869268,
  "step_label": "step_0",
  "success_rate_mean": 0.47555555555555556,
  "success_rate_std": 0.06283920298745652
}