{
  "action_saturation_rate_mean": 0.18416666666666667,
  "action_saturation_rate_std": 0.0,
  "episode_reward_mean": -552.0425943402726,
  "episode_reward_std": 0.0,
  "episodes": 5,
  "final_tracking_error_m_mean": 0.13031198120117188,
  "final_tracking_error_m_std": 0.0,
  "max_tracking_error_m_mean": 0.35006390380859376,
  "max_tracking_error_m_std": 0.0,
  "mean_action_norm_mean": 0.9097973749053974,
  "mean_action_norm_std": 1.1102230246251565e-16,
  "mean_tracking_error_m_mean": 0.10057987177968024,
  "mean_tracking_error_m_std": 1.3877787807814457e-17,
  "rms_tracking_error_m_mean": 0.11762531118190707,
  "rms_tracking_error_m_std": 0.0,
  "step_label": "step_42000",
  "success_rate_mean": 0.126,
  "success_rate_std": 0.0
}