{
  "action_saturation_rate_mean": 0.053333333333333344,
  "action_saturation_rate_std": 0.02869378562220979,
  "episode_reward_mean": 308.6656478679155,
  "episode_reward_std": 94.42580180663155,
  "episodes": 5,
  "final_tracking_error_m_mean": 0.005832560396194458,
  "final_tracking_error_m_std": 0.0023148344714681653,
  "max_tracking_error_m_mean": 0.031209369659423825,
  "max_tracking_error_m_std": 0.00852374615482674,
  "mean_action_norm_mean": 0.8225717956119528,
  "mean_action_norm_std": 0.04394999963570287,
  "mean_tracking_error_m_mean": 0.008724366872437297,
  "mean_tracking_error_m_std": 0.0021162206194933206,
  "rms_tracking_error_m_mean": 0.010810128436905913,
  "rms_tracking_error_m_std": 0.0034246907806105373,
  "step_label": "final",
  "success_rate_mean": 0.9366666666666668,
  "success_rate_std": 0.06254775952999614
}