{
  "action_saturation_rate_mean": 0.024333333333333332,
  "action_saturation_rate_std": 0.0,
  "episode_reward_mean": -169.96006657897618,
  "episode_reward_std": 0.0,
  "episodes": 5,
  "final_tracking_error_m_mean": 0.026959821701049803,
  "final_tracking_error_m_std": 0.0,
  "max_tracking_error_m_mean": 0.1992824401855469,
  "max_tracking_error_m_std": 0.0,
  "mean_action_norm_mean": 0.5910467784131567,
  "mean_action_norm_std": 0.0,
  "mean_tracking_error_m_mean": 0.046315714653015136,
  "mean_tracking_error_m_std": 0.0,
  "rms_tracking_error_m_mean": 0.057830385091896884,
  "rms_tracking_error_m_std": 0.0,
  "step_label": "step_42000",
  "success_rate_mean": 0.2866666666666667,
  "success_rate_std": 0.0
}