action_saturation_rate,episode,episode_reward,episode_steps,final_dq_abs_max,final_q_abs_max,final_tracking_error_m,max_tracking_error_m,mean_action_norm,mean_tracking_error_m,replay_size,rms_tracking_error_m,success_rate,total_steps
0.02,0,-2507.928152325802,3000,1.5338647920653425,2.4003242922478676,0.35770086669921874,0.4177195434570313,0.767689285269628,0.320160292175293,3000,0.3258593537477595,0.0,3000
0.014166666666666666,2.9436087608337402,0.14739778637886047,-6.435605525970459,0.002197501715272665,0.002804580144584179,1,-2551.359838473827,3000,2.636095970375436,2.6258180605582817,0.33404425048828124,-1.3618242740631104,0.433947509765625,0.7737655099219022,0.3229090566202799,-3.1024343967437744,-3.0848896503448486,-3.1443986892700195,6000,0.3303933213897318,0.0,-3.108884811401367,6000
0.0075,9.178028106689453,0.06214654818177223,-7.004693984985352,0.011169921606779099,0.014940448105335236,2,-1021.1749358258909,3000,1.8845639308781301,3.141592653589793,0.08542440795898437,-0.5214933156967163,0.41475433349609375,0.7790915263233086,0.15187080322758353,-9.343838691711426,-9.355478286743164,-9.210447311401367,9000,0.1917201507316119,0.014333333333333333,-9.354413986206055,9000
0.0125,9.701894760131836,0.02904359996318817,-5.255287170410156,0.07242259383201599,0.04668303579092026,3,-392.81879515513475,3000,1.0113738939729333,2.5016934937492974,0.051369903564453125,0.5149098634719849,0.20021829223632812,0.7940627402129272,0.08049337388547262,-10.093233108520508,-10.09811782836914,-9.686936378479004,12000,0.08663532559723008,0.016,-10.088629722595215,12000
0.035833333333333335,9.91754150390625,0.012969031929969788,-5.654865264892578,0.027616165578365326,0.027404170483350754,4,-457.9443192269213,3000,3.529554901860971,3.141592653589793,0.08797295379638671,0.6985145807266235,0.20092088317871093,0.8068051190152764,0.09015459846433002,-10.1851806640625,-10.195383071899414,-9.908480644226074,15000,0.09490120805504183,0.0,-10.197668075561523,15000
0.014166666666666666,11.068509101867676,0.0065246690064668655,-3.0977416038513184,0.06790927797555923,0.10707156360149384,5,-423.1722333466925,3000,1.4300783008487776,3.141592653589793,0.06702674102783203,1.3843860626220703,0.20312582397460938,0.8177570156125973,0.08516971350351969,-11.315153121948242,-11.362309455871582,-11.059473991394043,18000,0.089765486691842,0.0,-11.358306884765625,18000
