{
  "action_saturation_rate_mean": 0.04916666666666667,
  "action_saturation_rate_std": 0.034896672875473066,
  "episode_reward_mean": 188.52329960742375,
  "episode_reward_std": 68.10174525728785,
  "episodes": 5,
  "final_tracking_error_m_mean": 0.013685163021087646,
  "final_tracking_error_m_std": 0.0045080726356267215,
  "max_tracking_error_m_mean": 0.03808174247741699,
  "max_tracking_error_m_std": 0.015394502647528365,
  "mean_action_norm_mean": 0.7739089160660904,
  "mean_action_norm_std": 0.04886652929870467,
  "mean_tracking_error_m_mean": 0.010941470010772348,
  "mean_tracking_error_m_std": 0.0010923627196737964,
  "rms_tracking_error_m_mean": 0.012915762329475753,
  "rms_tracking_error_m_std": 0.0012939672066643298,
  "step_label": "step_15000",
  "success_rate_mean": 0.932,
  "success_rate_std": 0.028623999254704643
}