{
  "action_saturation_rate_mean": 0.0205,
  "action_saturation_rate_std": 0.0,
  "episode_reward_mean": -452.91010992659005,
  "episode_reward_std": 0.0,
  "episodes": 5,
  "final_tracking_error_m_mean": 0.13031198120117188,
  "final_tracking_error_m_std": 0.0,
  "max_tracking_error_m_mean": 0.20022418212890622,
  "max_tracking_error_m_std": 2.7755575615628914e-17,
  "mean_action_norm_mean": 0.7658757701168458,
  "mean_action_norm_std": 0.0,
  "mean_tracking_error_m_mean": 0.08888449409166971,
  "mean_tracking_error_m_std": 0.0,
  "rms_tracking_error_m_mean": 0.09641522454705974,
  "rms_tracking_error_m_std": 0.0,
  "step_label": "step_45000",
  "success_rate_mean": 0.0003333333333333333,
  "success_rate_std": 0.0
}