{
  "action_saturation_rate_mean": 0.008333333333333333,
  "action_saturation_rate_std": 0.0,
  "episode_reward_mean": -168.08860229216222,
  "episode_reward_std": 0.0,
  "episodes": 5,
  "final_tracking_error_m_mean": 0.022957820892333985,
  "final_tracking_error_m_std": 0.0,
  "max_tracking_error_m_mean": 0.1992824401855469,
  "max_tracking_error_m_std": 0.0,
  "mean_action_norm_mean": 0.6231010523583584,
  "mean_action_norm_std": 0.0,
  "mean_tracking_error_m_mean": 0.04622920845274131,
  "mean_tracking_error_m_std": 0.0,
  "rms_tracking_error_m_mean": 0.05607269949435077,
  "rms_tracking_error_m_std": 6.938893903907228e-18,
  "step_label": "step_30000",
  "success_rate_mean": 0.21400000000000002,
  "success_rate_std": 2.7755575615628914e-17
}