{
  "action_saturation_rate_mean": 0.017333333333333333,
  "action_saturation_rate_std": 0.0,
  "episode_reward_mean": -470.26398152844774,
  "episode_reward_std": 0.0,
  "episodes": 5,
  "final_tracking_error_m_mean": 0.13031198120117188,
  "final_tracking_error_m_std": 0.0,
  "max_tracking_error_m_mean": 0.20022418212890622,
  "max_tracking_error_m_std": 2.7755575615628914e-17,
  "mean_action_norm_mean": 0.6969205211202304,
  "mean_action_norm_std": 0.0,
  "mean_tracking_error_m_mean": 0.09159020629310609,
  "mean_tracking_error_m_std": 0.0,
  "rms_tracking_error_m_mean": 0.09789457944642169,
  "rms_tracking_error_m_std": 0.0,
  "step_label": "step_36000",
  "success_rate_mean": 0.0003333333333333333,
  "success_rate_std": 0.0
}