{
  "action_saturation_rate_mean": 0.025666666666666667,
  "action_saturation_rate_std": 0.0,
  "episode_reward_mean": -254.18591343613008,
  "episode_reward_std": 0.0,
  "episodes": 2,
  "final_tracking_error_m_mean": 0.03556871032714844,
  "final_tracking_error_m_std": 0.0,
  "max_tracking_error_m_mean": 0.19922930908203124,
  "max_tracking_error_m_std": 0.0,
  "mean_action_norm_mean": 0.6780754568399862,
  "mean_action_norm_std": 0.0,
  "mean_tracking_error_m_mean": 0.059768700682481135,
  "mean_tracking_error_m_std": 0.0,
  "rms_tracking_error_m_mean": 0.06670177078796151,
  "rms_tracking_error_m_std": 0.0,
  "step_label": "final",
  "success_rate_mean": 0.06666666666666667,
  "success_rate_std": 0.0
}