{
  "action_saturation_rate_mean": 0.0,
  "action_saturation_rate_std": 0.0,
  "episode_reward_mean": -200.5628833687378,
  "episode_reward_std": 48.26291188654697,
  "episodes": 2,
  "final_tracking_error_m_mean": 0.048074569702148434,
  "final_tracking_error_m_std": 0.012389259338378904,
  "max_tracking_error_m_mean": 0.05033798599243164,
  "max_tracking_error_m_std": 0.010125843048095703,
  "mean_action_norm_mean": 0.2382351395394653,
  "mean_action_norm_std": 0.03670528286136686,
  "mean_tracking_error_m_mean": 0.02905812474310398,
  "mean_tracking_error_m_std": 0.00104447925746441,
  "rms_tracking_error_m_mean": 0.03273738674694225,
  "rms_tracking_error_m_std": 0.0010106471953600232,
  "step_label": "final",
  "success_rate_mean": 0.345,
  "success_rate_std": 0.15
}