{
  "action_saturation_rate_mean": 0.011333333333333334,
  "action_saturation_rate_std": 0.012367070972726098,
  "episode_reward_mean": 107.66138802552246,
  "episode_reward_std": 78.80228969108393,
  "episodes": 5,
  "final_tracking_error_m_mean": 0.014641131448745728,
  "final_tracking_error_m_std": 0.011805188498495338,
  "max_tracking_error_m_mean": 0.040245229339599606,
  "max_tracking_error_m_std": 0.006284474692928795,
  "mean_action_norm_mean": 0.7653156157812724,
  "mean_action_norm_std": 0.01915746212302432,
  "mean_tracking_error_m_mean": 0.012915358050515255,
  "mean_tracking_error_m_std": 0.0017709322393047286,
  "rms_tracking_error_m_mean": 0.017189442643198046,
  "rms_tracking_error_m_std": 0.002820828586381846,
  "step_label": "step_20400",
  "success_rate_mean": 0.7786666666666667,
  "success_rate_std": 0.05119027685453991
}