{
  "action_saturation_rate_mean": 0.0,
  "action_saturation_rate_std": 0.0,
  "episode_reward_mean": -404.07487243384526,
  "episode_reward_std": 214.86884392073193,
  "episodes": 2,
  "final_tracking_error_m_mean": 0.03046526336669922,
  "final_tracking_error_m_std": 0.006550384521484376,
  "max_tracking_error_m_mean": 0.11515994834899901,
  "max_tracking_error_m_std": 0.07000838661193848,
  "mean_action_norm_mean": 0.00043125533249622095,
  "mean_action_norm_std": 6.529451866299496e-05,
  "mean_tracking_error_m_mean": 0.05048240450769663,
  "mean_tracking_error_m_std": 0.022368218931257722,
  "rms_tracking_error_m_mean": 0.05972232357814933,
  "rms_tracking_error_m_std": 0.028721114014263388,
  "step_label": "untrained",
  "success_rate_mean": 0.1975,
  "success_rate_std": 0.1025
}